{"cameraMode":{"drawMode":0,"name":"Shaded","section":"Shading Mode"},"sceneLighting":true,"audioPlay":false,"sceneViewState":{"m_AlwaysRefresh":false,"showFog":true,"showSkybox":true,"showFlares":true,"showImageEffects":true,"showParticleSystems":true,"showVisualEffectGraphs":true,"m_FxEnabled":true},"in2DMode":false,"pivot":{"x":-0.18168044090270997,"y":8.807762145996094,"z":0.38974010944366457},"rotation":{"x":-0.4182399809360504,"y":0.05362936109304428,"z":-0.024745773524045945,"w":-0.9064207673072815},"size":1.796629548072815,"orthographic":false}